folder,loc
.\code_for_parsing\201206030--novel-plus,4396
.\code_for_parsing\2227324689--gpmall,4742
.\code_for_parsing\2dxgujun--AndroidTagGroup,224
.\code_for_parsing\500px--500px-android-blur,20
.\code_for_parsing\abel533--Mapper,9893
.\code_for_parsing\ac-pm--Inspeckage,418
.\code_for_parsing\Activiti--Activiti,64463
.\code_for_parsing\addthis--stream-lib,2847
.\code_for_parsing\AdoptOpenJDK--jitwatch,2270
.\code_for_parsing\AigeStudio--WheelPicker,904
.\code_for_parsing\airbnb--airpal,68
.\code_for_parsing\airbnb--DeepLinkDispatch,634
.\code_for_parsing\airbnb--lottie-android,2709
.\code_for_parsing\airbnb--native-navigation,524
.\code_for_parsing\alexvasilkov--GestureViews,2204
.\code_for_parsing\alibaba--Alink,46949
.\code_for_parsing\alibaba--ARouter,1461
.\code_for_parsing\alibaba--arthas,11578
.\code_for_parsing\alibaba--atlas,132607
.\code_for_parsing\alibaba--cobar,20546
.\code_for_parsing\alibaba--COLA,1810
.\code_for_parsing\alibaba--DataX,5181
.\code_for_parsing\alibaba--druid,74258
.\code_for_parsing\alibaba--easyexcel,9184
.\code_for_parsing\alibaba--fastjson,13372
.\code_for_parsing\alibaba--freeline,754
.\code_for_parsing\alibaba--jetcache,2037
.\code_for_parsing\alibaba--jstorm,47744
.\code_for_parsing\alibaba--jvm-sandbox,5705
.\code_for_parsing\alibaba--otter,26395
.\code_for_parsing\alibaba--QLExpress,1477
.\code_for_parsing\alibaba--spring-cloud-alibaba,10752
.\code_for_parsing\alibaba--Tangram-Android,6685
.\code_for_parsing\alibaba--TProfiler,1421
.\code_for_parsing\alibaba--UltraViewPager,665
.\code_for_parsing\alibaba--vlayout,3735
.\code_for_parsing\alibaba--yugong,1185
.\code_for_parsing\Alluxio--alluxio,98428
.\code_for_parsing\AlmasB--FXGL,10635
.\code_for_parsing\AltBeacon--android-beacon-library,4160
.\code_for_parsing\amirzaidi--Launcher3,13392
.\code_for_parsing\amitshekhariitbhu--Android-Debug-Database,532
.\code_for_parsing\amitshekhariitbhu--awesome-android-complete-reference,16
.\code_for_parsing\amitshekhariitbhu--Fast-Android-Networking,2822
.\code_for_parsing\amitshekhariitbhu--RxJava2-Android-Samples,418
.\code_for_parsing\amlcurran--ShowcaseView,762
.\code_for_parsing\amulyakhare--TextDrawable,36
.\code_for_parsing\andkulikov--Transitions-Everywhere,3866
.\code_for_parsing\andpor--react-native-sqlite-storage,268
.\code_for_parsing\andremion--Music-Player,270
.\code_for_parsing\android--location-samples,650
.\code_for_parsing\android--user-interface-samples,2186
.\code_for_parsing\android--views-widgets-samples,1968
.\code_for_parsing\android-cjj--JJSearchViewAnim,87
.\code_for_parsing\android-hacker--VirtualXposed,4975
.\code_for_parsing\android-notes--Cockroach,96
.\code_for_parsing\android10--Android-CleanArchitecture,1714
.\code_for_parsing\androidannotations--androidannotations,21771
.\code_for_parsing\Angel-ML--angel,43884
.\code_for_parsing\anggrayudi--android-hidden-api,349
.\code_for_parsing\angryip--ipscan,3905
.\code_for_parsing\AntennaPod--AntennaPod,5586
.\code_for_parsing\antlr--antlr4,19656
.\code_for_parsing\Anuken--Mindustry,5491
.\code_for_parsing\AnyListen--tools-ocr,158
.\code_for_parsing\aosp-mirror--platform_frameworks_base,1041776
.\code_for_parsing\apache--beam,172914
.\code_for_parsing\apache--calcite,127645
.\code_for_parsing\apache--camel,820138
.\code_for_parsing\apache--cassandra,118918
.\code_for_parsing\apache--commons-lang,59796
.\code_for_parsing\apache--curator,23696
.\code_for_parsing\apache--dolphinscheduler,39213
.\code_for_parsing\apache--druid,152113
.\code_for_parsing\apache--dubbo,66617
.\code_for_parsing\apache--dubbo-spring-boot-project,1933
.\code_for_parsing\apache--flink,428522
.\code_for_parsing\apache--flume,27159
.\code_for_parsing\apache--hadoop,555425
.\code_for_parsing\apache--hive,309559
.\code_for_parsing\apache--hudi,53193
.\code_for_parsing\apache--ignite,640313
.\code_for_parsing\apache--incubator-heron,31477
.\code_for_parsing\apache--incubator-linkis,25172
.\code_for_parsing\apache--incubator-shenyu,51607
.\code_for_parsing\apache--jmeter,68021
.\code_for_parsing\apache--kafka,123056
.\code_for_parsing\apache--nifi,204188
.\code_for_parsing\apache--nutch,21562
.\code_for_parsing\apache--pinot,94195
.\code_for_parsing\apache--pulsar,95278
.\code_for_parsing\apache--rocketmq,21667
.\code_for_parsing\apache--rocketmq-externals,10056
.\code_for_parsing\apache--shardingsphere,101038
.\code_for_parsing\apache--shardingsphere-elasticjob,15682
.\code_for_parsing\apache--shiro,35922
.\code_for_parsing\apache--skywalking,30791
.\code_for_parsing\apache--storm,68367
.\code_for_parsing\apache--tomcat,161716
.\code_for_parsing\apache--zeppelin,29886
.\code_for_parsing\apache--zookeeper,39473
.\code_for_parsing\apereo--cas,82790
.\code_for_parsing\apolloconfig--apollo,17370
.\code_for_parsing\apollographql--apollo-android,3151
.\code_for_parsing\aragozin--jvm-tools,4217
.\code_for_parsing\arcadefire--nice-spinner,82
.\code_for_parsing\arduino--Arduino,10216
.\code_for_parsing\AriaLyy--Aria,28463
.\code_for_parsing\arimorty--floatingsearchview,886
.\code_for_parsing\aritraroy--PatternLockView,373
.\code_for_parsing\ArthurHub--Android-Image-Cropper,2040
.\code_for_parsing\asLody--VirtualApp,4657
.\code_for_parsing\AsyncHttpClient--async-http-client,9177
.\code_for_parsing\ata4--disunity,1560
.\code_for_parsing\Atmosphere--atmosphere,17334
.\code_for_parsing\aurelhubert--ahbottomnavigation,663
.\code_for_parsing\avast--android-styled-dialogs,364
.\code_for_parsing\awaitility--awaitility,3411
.\code_for_parsing\awangdev--LintCode,24812
.\code_for_parsing\AweiLoveAndroid--CommonDevKnowledge,638
.\code_for_parsing\aws--aws-sdk-java,6601852
.\code_for_parsing\azkaban--azkaban,27926
.\code_for_parsing\Azoft--CarouselLayoutManager,246
.\code_for_parsing\ballerina-platform--ballerina-lang,143877
.\code_for_parsing\balsikandar--Android-Studio-Plugins,1
.\code_for_parsing\balysv--material-menu,177
.\code_for_parsing\balysv--material-ripple,45
.\code_for_parsing\baomidou--dynamic-datasource-spring-boot-starter,1879
.\code_for_parsing\baomidou--mybatis-plus,13036
.\code_for_parsing\baoyachi--StepView,357
.\code_for_parsing\baoyongzhang--SwipeMenuListView,230
.\code_for_parsing\BaronZ88--MinimalistWeather,774
.\code_for_parsing\barteksc--AndroidPdfViewer,1058
.\code_for_parsing\Baseflow--PhotoView,360
.\code_for_parsing\bastillion-io--Bastillion,3070
.\code_for_parsing\Bearded-Hen--Android-Bootstrap,920
.\code_for_parsing\BelooS--ChipsLayoutManager,923
.\code_for_parsing\ben-manes--caffeine,15953
.\code_for_parsing\bethrobson--Head-First-Design-Patterns,236
.\code_for_parsing\Bigkoo--Android-PickerView,975
.\code_for_parsing\bilibili--DanmakuFlameMaster,1333
.\code_for_parsing\bilibili--MagicaSakura,1025
.\code_for_parsing\bin456789--Unblock163MusicClient-Xposed,44
.\code_for_parsing\bingoogolapple--BGABanner-Android,358
.\code_for_parsing\bingoogolapple--BGASwipeBackLayout-Android,976
.\code_for_parsing\binIoter--GuideView,350
.\code_for_parsing\bisq-network--bisq,52462
.\code_for_parsing\bitcoin-wallet--bitcoin-wallet,3510
.\code_for_parsing\bitcoinj--bitcoinj,31398
.\code_for_parsing\bjmashibing--InternetArchitect,5553
.\code_for_parsing\Blankj--awesome-java-leetcode,55
.\code_for_parsing\bluelinelabs--Conductor,964
.\code_for_parsing\BoltsFramework--Bolts-Android,1036
.\code_for_parsing\brettwooldridge--HikariCP,3538
.\code_for_parsing\brianfrankcooper--YCSB,8714
.\code_for_parsing\brianway--java-learning,5536
.\code_for_parsing\brianway--springmvc-mybatis-learning,387
.\code_for_parsing\bumptech--glide,11783
.\code_for_parsing\burhanrashid52--PhotoEditor,1059
.\code_for_parsing\bytedeco--javacpp,7225
.\code_for_parsing\bytedeco--javacv,4963
.\code_for_parsing\cabaletta--baritone,10311
.\code_for_parsing\CaffeineMC--sodium-fabric,1477
.\code_for_parsing\CainKernel--CainCamera,14275
.\code_for_parsing\CalebFenton--simplify,1315
.\code_for_parsing\CameraKit--blurkit-android,129
.\code_for_parsing\CameraKit--camerakit-android,407
.\code_for_parsing\caoxinyu--RedisClient,400
.\code_for_parsing\careercup--ctci,296
.\code_for_parsing\careercup--CtCI-6th-Edition,423
.\code_for_parsing\CellularPrivacy--Android-IMSI-Catcher-Detector,2958
.\code_for_parsing\ChadCSong--ShineButton,61
.\code_for_parsing\changmingxie--tcc-transaction,732
.\code_for_parsing\charles2gan--GDA-android-reversing-Tool,48
.\code_for_parsing\CheckChe0803--flink-recommandSystem-demo,357
.\code_for_parsing\checkstyle--checkstyle,115985
.\code_for_parsing\chennaione--sugar,411
.\code_for_parsing\chenupt--SpringIndicator,137
.\code_for_parsing\chewiebug--GCViewer,4115
.\code_for_parsing\Chora10--Cknife,448
.\code_for_parsing\chrisbanes--Android-PullToRefresh,1535
.\code_for_parsing\chrisjenx--Calligraphy,569
.\code_for_parsing\ChrisRM--material-theme-jetbrains,9764
.\code_for_parsing\citerus--dddsample-core,1550
.\code_for_parsing\cjlin1--libsvm,162
.\code_for_parsing\Clans--FloatingActionButton,129
.\code_for_parsing\Cleveroad--SlidingTutorial-Android,1192
.\code_for_parsing\clojure--clojure,11954
.\code_for_parsing\code-mc--material-icon-lib,236
.\code_for_parsing\code-troopers--android-betterpickers,3471
.\code_for_parsing\codecentric--spring-boot-admin,5950
.\code_for_parsing\codeestX--GeekNews,1734
.\code_for_parsing\codingapi--tx-lcn,2634
.\code_for_parsing\CodingDocs--springboot-guide,307
.\code_for_parsing\commonsguy--cw-omnibus,16785
.\code_for_parsing\coobird--thumbnailator,17720
.\code_for_parsing\CrawlScript--WebCollector,3478
.\code_for_parsing\crazyandcoder--citypicker,2280
.\code_for_parsing\crazycodeboy--TakePhoto,770
.\code_for_parsing\crossoverJie--cim,1789
.\code_for_parsing\crossoverJie--JCSprout,1404
.\code_for_parsing\cryptomator--cryptomator,1197
.\code_for_parsing\ctripcorp--C-OCR,970
.\code_for_parsing\Curzibn--Luban,225
.\code_for_parsing\CymChad--BaseRecyclerViewAdapterHelper,948
.\code_for_parsing\cymcsg--UltimateRecyclerView,4984
.\code_for_parsing\cyrilmottier--GreenDroid,3377
.\code_for_parsing\daimajia--AndroidImageSlider,969
.\code_for_parsing\daimajia--AndroidSwipeLayout,209
.\code_for_parsing\daimajia--AndroidViewAnimations,1464
.\code_for_parsing\daimajia--NumberProgressBar,87
.\code_for_parsing\danikula--AndroidVideoCache,408
.\code_for_parsing\daniulive--SmarterStreaming,2385
.\code_for_parsing\databricks--learning-spark,198
.\code_for_parsing\dataease--dataease,2992
.\code_for_parsing\davemorrissey--subsampling-scale-image-view,1140
.\code_for_parsing\davideas--FlexibleAdapter,8773
.\code_for_parsing\dbeaver--dbeaver,105510
.\code_for_parsing\debezium--debezium,39551
.\code_for_parsing\deepjavalibrary--djl,38860
.\code_for_parsing\Devlight--InfiniteCycleViewPager,603
.\code_for_parsing\Devlight--NavigationTabBar,238
.\code_for_parsing\Devlight--NavigationTabStrip,129
.\code_for_parsing\dianping--cat,18760
.\code_for_parsing\didi--LogiKM,5028
.\code_for_parsing\didi--VirtualAPK,1336
.\code_for_parsing\Dimezis--BlurView,175
.\code_for_parsing\dingjikerbo--Android-BluetoothKit,703
.\code_for_parsing\dinuscxj--LoadingDrawable,175
.\code_for_parsing\DiUS--java-faker,1162
.\code_for_parsing\dm77--barcodescanner,108
.\code_for_parsing\dmilicic--Android-Clean-Boilerplate,126
.\code_for_parsing\dmytrodanylyk--android-process-button,134
.\code_for_parsing\dmytrodanylyk--circular-progress-button,18
.\code_for_parsing\Doikki--DKVideoPlayer,3263
.\code_for_parsing\dongjunkun--DropDownMenu,82
.\code_for_parsing\donglua--PhotoPicker,500
.\code_for_parsing\doocs--leetcode,0
.\code_for_parsing\dreamhead--moco,71
.\code_for_parsing\DrKLO--Telegram,72210
.\code_for_parsing\DroidPluginTeam--DroidPlugin,6305
.\code_for_parsing\dromara--hmily,18812
.\code_for_parsing\dromara--hutool,90789
.\code_for_parsing\dromara--Sa-Token,8720
.\code_for_parsing\dropwizard--metrics,3972
.\code_for_parsing\DuGuQiuBai--Java,3365
.\code_for_parsing\dyc87112--SpringBoot-Learning,299
.\code_for_parsing\dyc87112--SpringCloud-Learning,2535
.\code_for_parsing\eclipse--deeplearning4j,203280
.\code_for_parsing\eclipse--deeplearning4j-examples,8535
.\code_for_parsing\eclipse--paho.mqtt.android,3490
.\code_for_parsing\eclipse-vertx--vert.x,32056
.\code_for_parsing\edmodo--cropper,669
.\code_for_parsing\eirslett--frontend-maven-plugin,327
.\code_for_parsing\eishay--jvm-serializers,2676
.\code_for_parsing\elastic--elasticsearch,295724
.\code_for_parsing\eleme--UETool,64
.\code_for_parsing\elevenetc--TextSurface,214
.\code_for_parsing\elunez--eladmin,8143
.\code_for_parsing\elvishew--xLog,3938
.\code_for_parsing\elye--loaderviewlibrary,81
.\code_for_parsing\EnterpriseQualityCoding--FizzBuzzEnterpriseEdition,733
.\code_for_parsing\etsy--AndroidStaggeredGrid,848
.\code_for_parsing\eugenp--tutorials,19232
.\code_for_parsing\evant--gradle-retrolambda,56
.\code_for_parsing\Exrick--xmall,1685
.\code_for_parsing\Exrick--xpay,300
.\code_for_parsing\facebook--buck,180445
.\code_for_parsing\facebook--litho,44254
.\code_for_parsing\facebook--shimmer-android,91
.\code_for_parsing\facebook--stetho,3841
.\code_for_parsing\facebookarchive--network-connection-class,225
.\code_for_parsing\facebookarchive--rebound,1330
.\code_for_parsing\failsafe-lib--failsafe,4449
.\code_for_parsing\FasterXML--jackson-databind,50455
.\code_for_parsing\febsteam--FEBS-Shiro,2406
.\code_for_parsing\federicoiosue--Omni-Notes,4545
.\code_for_parsing\fesh0r--fernflower,1982
.\code_for_parsing\firebase--quickstart-android,840
.\code_for_parsing\fishercoder1534--Leetcode,5476
.\code_for_parsing\florent37--CameraFragment,265
.\code_for_parsing\florent37--DiagonalLayout,8
.\code_for_parsing\florent37--ExpectAnim,196
.\code_for_parsing\florent37--MaterialViewPager,381
.\code_for_parsing\florent37--ShapeOfView,20
.\code_for_parsing\flutter-webrtc--flutter-webrtc,701
.\code_for_parsing\flyway--flyway,14322
.\code_for_parsing\fossasia--phimpme-android,13829
.\code_for_parsing\fossasia--susi_server,10542
.\code_for_parsing\Frank-Zhu--PullZoomView,223
.\code_for_parsing\Freeyourgadget--Gadgetbridge,20756
.\code_for_parsing\frogermcs--InstaMaterial,74
.\code_for_parsing\frohoff--ysoserial,952
.\code_for_parsing\fuzhengwei--itstack-demo-design,759
.\code_for_parsing\fuzhengwei--small-spring,1233
.\code_for_parsing\fython--MaterialStepperView,542
.\code_for_parsing\gabrielemariotti--cardslib,13869
.\code_for_parsing\gabrielemariotti--RecyclerViewItemAnimators,731
.\code_for_parsing\gcacace--android-signaturepad,116
.\code_for_parsing\gedoor--MyBookshelf,6286
.\code_for_parsing\geeeeeeeeek--WeChatLuckyMoney,88
.\code_for_parsing\geekidea--spring-boot-plus,8569
.\code_for_parsing\geekxh--hello-algorithm,35
.\code_for_parsing\geftimov--android-pathview,433
.\code_for_parsing\Genymobile--gnirehtet,1026
.\code_for_parsing\getActivity--XXPermissions,654
.\code_for_parsing\GeyserMC--Geyser,20850
.\code_for_parsing\gocd--gocd,68698
.\code_for_parsing\google--agera,4111
.\code_for_parsing\google--auto,9427
.\code_for_parsing\google--binnavi,146741
.\code_for_parsing\google--bundletool,13264
.\code_for_parsing\google--cameraview,681
.\code_for_parsing\google--closure-compiler,110580
.\code_for_parsing\google--error-prone,50139
.\code_for_parsing\google--ExoPlayer,77190
.\code_for_parsing\google--gson,8870
.\code_for_parsing\google--guice,19536
.\code_for_parsing\google--hover,1672
.\code_for_parsing\google--j2objc,635533
.\code_for_parsing\google--open-location-code,885
.\code_for_parsing\google--physical-web,2581
.\code_for_parsing\google--truth,12646
.\code_for_parsing\google--tsunami-security-scanner,3558
.\code_for_parsing\GoogleContainerTools--jib,19157
.\code_for_parsing\googlemaps--android-samples,2636
.\code_for_parsing\googlesamples--android-vision,1862
.\code_for_parsing\googlesamples--easypermissions,414
.\code_for_parsing\googlesamples--google-services,442
.\code_for_parsing\gouthampradhan--leetcode,10854
.\code_for_parsing\grantland--android-autofittextview,233
.\code_for_parsing\graphql-java--graphql-java,8816
.\code_for_parsing\Graylog2--graylog2-server,61099
.\code_for_parsing\greenrobot--EventBus,1805
.\code_for_parsing\greenrobot--greenDAO,4697
.\code_for_parsing\grishka--Houseclub,78
.\code_for_parsing\grpc--grpc-java,46571
.\code_for_parsing\guardianproject--haven,911
.\code_for_parsing\guoguibing--librec,20770
.\code_for_parsing\guolindev--booksource,105
.\code_for_parsing\gyf-dev--ImmersionBar,2580
.\code_for_parsing\gyoogle--tech-interview-for-developer,52
.\code_for_parsing\H07000223--FlycoDialog_Master,386
.\code_for_parsing\H07000223--FlycoTabLayout,207
.\code_for_parsing\h2database--h2database,69383
.\code_for_parsing\h2oai--h2o-2,26480
.\code_for_parsing\h2pl--Java-Tutorial,0
.\code_for_parsing\hackware1993--MagicIndicator,278
.\code_for_parsing\haifengl--smile,65439
.\code_for_parsing\halirutan--IntelliJ-Key-Promoter-X,503
.\code_for_parsing\halo-dev--halo,11924
.\code_for_parsing\hanks-zyh--HTextView,150
.\code_for_parsing\HannahMitt--HomeMirror,607
.\code_for_parsing\hansonwang99--Spring-Boot-In-Action,1156
.\code_for_parsing\harjot-oberai--MusicDNA,31244
.\code_for_parsing\HarlonWang--AVLoadingIndicatorView,168
.\code_for_parsing\hdodenhof--CircleImageView,22
.\code_for_parsing\Heeexy--SpringBoot-Shiro-Vue,411
.\code_for_parsing\hefuyicoder--ListenerMusicPlayer,1707
.\code_for_parsing\HeZaiJin--SlantedTextView,32
.\code_for_parsing\hibernate--hibernate-orm,166396
.\code_for_parsing\hitherejoe--animate,155
.\code_for_parsing\Hitomis--transferee,1078
.\code_for_parsing\hongyangAndroid--AndroidAutoLayout,240
.\code_for_parsing\hongyangAndroid--baseAdapter,84
.\code_for_parsing\hongyangAndroid--Highlight,411
.\code_for_parsing\hongyangAndroid--okhttputils,267
.\code_for_parsing\http-kit--http-kit,746
.\code_for_parsing\huanghaibin-dev--CalendarView,4174
.\code_for_parsing\HuanTanSheng--EasyPhotos,1444
.\code_for_parsing\huazhiyuan2008--RecyclerViewCardGallery,87
.\code_for_parsing\huburt-Hu--NewbieGuide,357
.\code_for_parsing\hugeterry--CoordinatorTabLayout,117
.\code_for_parsing\hussien89aa--AndroidTutorialForBeginners,501
.\code_for_parsing\hyb1996--Auto.js,3109
.\code_for_parsing\igniterealtime--Openfire,61415
.\code_for_parsing\igniterealtime--Smack,73194
.\code_for_parsing\igreenwood--SimpleCropView,524
.\code_for_parsing\ikew0ng--SwipeBackLayout,820
.\code_for_parsing\iluwatar--java-design-patterns,35691
.\code_for_parsing\iMeiji--Toutiao,2750
.\code_for_parsing\iNPUTmice--Conversations,3258
.\code_for_parsing\ionic-team--capacitor,1665
.\code_for_parsing\IoT-Technology--IoT-Technical-Guide,1197
.\code_for_parsing\iReaderAndroid--X2C,1049
.\code_for_parsing\ityouknow--spring-boot-examples,217
.\code_for_parsing\iwgang--CountdownView,396
.\code_for_parsing\JabRef--jabref,19682
.\code_for_parsing\jackpal--Android-Terminal-Emulator,3767
.\code_for_parsing\Jacksgong--JKeyboardPanelSwitch,909
.\code_for_parsing\JackyAndroid--AndroidChromium,55618
.\code_for_parsing\jacoco--jacoco,17244
.\code_for_parsing\JakeWharton--butterknife,643
.\code_for_parsing\JakeWharton--DiskLruCache,378
.\code_for_parsing\JakeWharton--hugo,2
.\code_for_parsing\JakeWharton--RxRelay,562
.\code_for_parsing\JakeWharton--scalpel,34
.\code_for_parsing\JakeWharton--ThreeTenABP,8
.\code_for_parsing\JakeWharton--u2020,605
.\code_for_parsing\JakeWharton--ViewPagerIndicator,360
.\code_for_parsing\java-decompiler--jd-gui,2635
.\code_for_parsing\java-native-access--jna,100506
.\code_for_parsing\java8--Java8InAction,334
.\code_for_parsing\javaee--jersey,189792
.\code_for_parsing\javaee-samples--javaee7-samples,12549
.\code_for_parsing\javagrowing--JGrowing,0
.\code_for_parsing\JavaNoober--BackgroundLibrary,164
.\code_for_parsing\javaparser--javaparser,47582
.\code_for_parsing\jbloch--effective-java-3e-source-code,462
.\code_for_parsing\jd-alexander--LikeButton,150
.\code_for_parsing\jdsjlzx--LRecyclerView,2925
.\code_for_parsing\jeasonlzy--okhttp-OkGo,5656
.\code_for_parsing\jeecgboot--jeecg-boot,16434
.\code_for_parsing\JeffLi1993--springboot-learning-example,472
.\code_for_parsing\jenkinsci--configuration-as-code-plugin,1453
.\code_for_parsing\jenkinsci--jenkins,79861
.\code_for_parsing\JessYanCoding--MVPArms,4850
.\code_for_parsing\JessYanCoding--ProgressManager,52574
.\code_for_parsing\JetBrains--skija,6091
.\code_for_parsing\jetlinks--jetlinks-community,3989
.\code_for_parsing\jfeinstein10--SlidingMenu,1026
.\code_for_parsing\jfinal--jfinal,15193
.\code_for_parsing\jgilfelt--android-viewbadger,163
.\code_for_parsing\jgilfelt--SystemBarTint,271
.\code_for_parsing\jiangqqlmj--FastDev4Android,7029
.\code_for_parsing\jindrapetrik--jpexs-decompiler,112642
.\code_for_parsing\JingYeoh--FragmentRigger,1280
.\code_for_parsing\jitsi--jitsi,200312
.\code_for_parsing\jjoe64--GraphView,3149
.\code_for_parsing\jMonkeyEngine--jmonkeyengine,117432
.\code_for_parsing\JoanZapata--android-iconify,170
.\code_for_parsing\JoanZapata--android-pdfview,756
.\code_for_parsing\JodaOrg--joda-time,44465
.\code_for_parsing\joelittlejohn--jsonschema2pojo,6825
.\code_for_parsing\johannilsson--android-pulltorefresh,67
.\code_for_parsing\jOOQ--jOOR,785
.\code_for_parsing\journeyapps--zxing-android-embedded,2112
.\code_for_parsing\JPressProjects--jpress,15840
.\code_for_parsing\jpush--aurora-imui,1739
.\code_for_parsing\json-path--JsonPath,3139
.\code_for_parsing\JsonChao--Awesome-WanAndroid,3300
.\code_for_parsing\junit-team--junit4,6979
.\code_for_parsing\junit-team--junit5,34369
.\code_for_parsing\jwtk--jjwt,6487
.\code_for_parsing\JZ-Darkal--AndroidHttpCapture,5124
.\code_for_parsing\k0shk0sh--FastHub,2413
.\code_for_parsing\k9mail--k-9,6720
.\code_for_parsing\karatelabs--karate,9896
.\code_for_parsing\Karumi--Dexter,1090
.\code_for_parsing\kaushikgopal--RxJava-Android-Samples,187
.\code_for_parsing\kdn251--interviews,3430
.\code_for_parsing\KeepSafe--dexcount-gradle-plugin,1400
.\code_for_parsing\KeepSafe--ReLinker,392
.\code_for_parsing\kekingcn--kkFileView,1652
.\code_for_parsing\kevin-wayne--algs4,26408
.\code_for_parsing\keyboardsurfer--Crouton,995
.\code_for_parsing\keycloak--keycloak,144087
.\code_for_parsing\kiegroup--drools,164582
.\code_for_parsing\kikoso--android-stackblur,117
.\code_for_parsing\killbill--killbill,35228
.\code_for_parsing\killme2008--aviatorscript,11011
.\code_for_parsing\KingJA--LoadSir,366
.\code_for_parsing\knightliao--disconf,7798
.\code_for_parsing\Kong--unirest-java,8910
.\code_for_parsing\konifar--android-material-design-icon-generator-plugin,95
.\code_for_parsing\Konloch--bytecode-viewer,7956
.\code_for_parsing\koral----android-gif-drawable,1490
.\code_for_parsing\koush--AndroidAsync,3066
.\code_for_parsing\koush--ion,2062
.\code_for_parsing\Krupen--FabulousFilter,166
.\code_for_parsing\ksoichiro--Android-ObservableScrollView,2658
.\code_for_parsing\KunMinX--Linkage-RecyclerView,810
.\code_for_parsing\LaiFeng-Android--SopCastComponent,2006
.\code_for_parsing\LandGrey--SpringBootVulExploit,5
.\code_for_parsing\languagetool-org--languagetool,51654
.\code_for_parsing\laobie--StatusBarUtil,326
.\code_for_parsing\lbryio--lbry-android,662
.\code_for_parsing\lcodecorex--TwinklingRefreshLayout,757
.\code_for_parsing\ldoublem--LoadingView,112
.\code_for_parsing\lenve--JavaEETest,452
.\code_for_parsing\lenve--VBlog,136
.\code_for_parsing\lenve--vhr,387
.\code_for_parsing\leolin310148--ShortcutBadger,240
.\code_for_parsing\lets-blade--blade,6171
.\code_for_parsing\lgvalle--Material-Animations,54
.\code_for_parsing\li-xiaojun--XPopup,1990
.\code_for_parsing\liaohuqiu--android-Ultra-Pull-To-Refresh,642
.\code_for_parsing\libgdx--libgdx,60532
.\code_for_parsing\lightbend--config,4786
.\code_for_parsing\lihangleo2--ShadowLayout,157
.\code_for_parsing\lihengming--spring-boot-api-project-seed,71
.\code_for_parsing\lingochamp--FileDownloader,5340
.\code_for_parsing\linkedin--datahub,3882
.\code_for_parsing\linlinjava--litemall,40844
.\code_for_parsing\LinShunKang--MyPerf4J,1065
.\code_for_parsing\lipangit--JiaoZiVideoPlayer,250
.\code_for_parsing\litesuits--android-common,5695
.\code_for_parsing\liuyangming--ByteTCC,2070
.\code_for_parsing\liyifeng1994--ssm,107
.\code_for_parsing\lizhangqu--CoreLink,0
.\code_for_parsing\LMAX-Exchange--disruptor,6766
.\code_for_parsing\lottie-react-native--lottie-react-native,35
.\code_for_parsing\lovetuzitong--MultiImageSelector,153
.\code_for_parsing\LSPosed--LSPosed,4760
.\code_for_parsing\ltsopensource--light-task-scheduler,7091
.\code_for_parsing\lucasr--twoway-view,414
.\code_for_parsing\LuckSiege--PictureSelector,8490
.\code_for_parsing\luckybilly--CC,1218
.\code_for_parsing\lygttpod--SuperTextView,1414
.\code_for_parsing\lzyzsd--CircleProgress,225
.\code_for_parsing\lzyzsd--JsBridge,168
.\code_for_parsing\M66B--FairEmail,51085
.\code_for_parsing\M66B--NetGuard,949
.\code_for_parsing\macrozheng--mall,2900
.\code_for_parsing\macrozheng--mall-learning,1380
.\code_for_parsing\MagicMashRoom--SuperCalendar,314
.\code_for_parsing\makovkastar--FloatingActionButton,16
.\code_for_parsing\Malinskiy--SuperRecyclerView,267
.\code_for_parsing\Manabu-GT--ExpandableTextView,74
.\code_for_parsing\ManuelPeinado--FadingActionBar,279
.\code_for_parsing\markushi--android-ui,124
.\code_for_parsing\markzhai--AndroidPerformanceMonitor,463
.\code_for_parsing\Marswin--MarsDaemon,294
.\code_for_parsing\material-components--material-components-android,29887
.\code_for_parsing\mcxiaoke--packer-ng-plugin,408
.\code_for_parsing\mcxtzhang--ZLayoutManager,414
.\code_for_parsing\medcl--elasticsearch-analysis-pinyin,100
.\code_for_parsing\meefik--linuxdeploy,670
.\code_for_parsing\Meituan-Dianping--Leaf,85
.\code_for_parsing\Meituan-Dianping--Robust,615
.\code_for_parsing\Meituan-Dianping--walle,3116
.\code_for_parsing\mercyblitz--tech-weekly,199
.\code_for_parsing\metersphere--metersphere,8149
.\code_for_parsing\micrometer-metrics--micrometer,20629
.\code_for_parsing\micronaut-projects--micronaut-core,84807
.\code_for_parsing\microservices-patterns--ftgo-application,173
.\code_for_parsing\microsoft--malmo,5096
.\code_for_parsing\MiguelCatalan--MaterialSearchView,147
.\code_for_parsing\MindorksOpenSource--android-interview-questions,0
.\code_for_parsing\MindorksOpenSource--from-java-to-kotlin,0
.\code_for_parsing\MindorksOpenSource--PRDownloader,827
.\code_for_parsing\MinecraftForge--MinecraftForge,27110
.\code_for_parsing\mmin18--RealtimeBlurView,53
.\code_for_parsing\mockito--mockito,19351
.\code_for_parsing\Mojang--brigadier,426
.\code_for_parsing\motianhuo--wechat,2602
.\code_for_parsing\mqzhangw--JIMU,1016
.\code_for_parsing\mrniko--netty-socketio,2510
.\code_for_parsing\mxdldev--android-mvp-mvvm-flytour,2378
.\code_for_parsing\mybatis--generator,12367
.\code_for_parsing\mybatis--mybatis-3,19907
.\code_for_parsing\mybatis--spring,3542
.\code_for_parsing\mybatis--spring-boot-starter,1163
.\code_for_parsing\MyCATApache--Mycat-Server,30248
.\code_for_parsing\mzule--ActivityRouter,121
.\code_for_parsing\naman14--Timber,3314
.\code_for_parsing\nanchen2251--CompressHelper,359
.\code_for_parsing\NanoHttpd--nanohttpd,3655
.\code_for_parsing\Naoki2015--CircleDemo,1105
.\code_for_parsing\natario1--CameraView,6433
.\code_for_parsing\nathanmarz--storm,11771
.\code_for_parsing\NationalSecurityAgency--ghidra,574637
.\code_for_parsing\navasmdc--MaterialDesignLibrary,244
.\code_for_parsing\nayuki--QR-Code-generator,728
.\code_for_parsing\neo4j--neo4j,182607
.\code_for_parsing\Netflix--archaius,4894
.\code_for_parsing\Netflix--conductor,13397
.\code_for_parsing\Netflix--eureka,10526
.\code_for_parsing\Netflix--Hystrix,16135
.\code_for_parsing\Netflix--ribbon,7110
.\code_for_parsing\Netflix--SimianArmy,8835
.\code_for_parsing\Netflix--zuul,8357
.\code_for_parsing\netty--netty,103438
.\code_for_parsing\newbee-ltd--newbee-mall,1453
.\code_for_parsing\nex3z--FlowLayout,86
.\code_for_parsing\nextcloud--android,18877
.\code_for_parsing\ngbdf--redis-manager,3064
.\code_for_parsing\nicolasgramlich--AndEngine,19187
.\code_for_parsing\Nightonke--CoCoin,1421
.\code_for_parsing\Nightonke--WoWoViewPager,1922
.\code_for_parsing\niorgai--StatusBarCompat,118
.\code_for_parsing\nisrulz--sensey,539
.\code_for_parsing\NLPchina--elasticsearch-sql,1648
.\code_for_parsing\north2016--T-MVP,681
.\code_for_parsing\nostra13--Android-Universal-Image-Loader,5246
.\code_for_parsing\nutzam--nutz,31897
.\code_for_parsing\nytimes--Store,3216
.\code_for_parsing\oasisfeng--condom,778
.\code_for_parsing\objectbox--objectbox-java,8653
.\code_for_parsing\oblac--jodd,22585
.\code_for_parsing\oblador--react-native-keychain,508
.\code_for_parsing\obsidiandynamics--kafdrop,746
.\code_for_parsing\OCNYang--Android-Animation-Set,190
.\code_for_parsing\ogaclejapan--SmartTabLayout,673
.\code_for_parsing\oguzbilgener--CircularFloatingActionMenu,358
.\code_for_parsing\oldmanpushcart--greys-anatomy,2983
.\code_for_parsing\ongakuer--CircleIndicator,77
.\code_for_parsing\openaphid--android-flip,467
.\code_for_parsing\OpenAPITools--openapi-generator,32943
.\code_for_parsing\openhab--openhab1-addons,275544
.\code_for_parsing\OpenHFT--Chronicle-Queue,6442
.\code_for_parsing\OpenRefine--OpenRefine,30082
.\code_for_parsing\opensearch-project--OpenSearch,335369
.\code_for_parsing\openzipkin--zipkin,9404
.\code_for_parsing\oracle--graal,423325
.\code_for_parsing\orhanobut--dialogplus,294
.\code_for_parsing\orhanobut--hawk,230
.\code_for_parsing\osmdroid--osmdroid,14280
.\code_for_parsing\paascloud--paascloud-master,22632
.\code_for_parsing\pagehelper--Mybatis-PageHelper,4715
.\code_for_parsing\PaperMC--Paper,107
.\code_for_parsing\path--android-priority-jobqueue,881
.\code_for_parsing\Pay-Group--best-pay-sdk,1528
.\code_for_parsing\pchmn--MaterialChipsInput,354
.\code_for_parsing\pedant--sweet-alert-dialog,29
.\code_for_parsing\pedrovgs--AndroidWiFiADB,317
.\code_for_parsing\pedrovgs--DraggablePanel,1560
.\code_for_parsing\pedrovgs--EffectiveAndroidUI,1510
.\code_for_parsing\pentaho--pentaho-kettle,228921
.\code_for_parsing\perwendel--spark,6601
.\code_for_parsing\PhilippC--keepass2android,21509
.\code_for_parsing\PhilJay--MPAndroidChart,9014
.\code_for_parsing\phishman3579--java-algorithms-implementation,6418
.\code_for_parsing\phodal--migration,11
.\code_for_parsing\Piasy--BigImageViewer,976
.\code_for_parsing\pinpoint-apm--pinpoint,111364
.\code_for_parsing\plantuml--plantuml,110412
.\code_for_parsing\pmd--pmd,39999
.\code_for_parsing\pockethub--PocketHub,5076
.\code_for_parsing\Polidea--RxAndroidBle,3034
.\code_for_parsing\PowerJob--PowerJob,6471
.\code_for_parsing\powermock--powermock,18769
.\code_for_parsing\pqpo--SmartCropper,112
.\code_for_parsing\prestodb--presto,124930
.\code_for_parsing\processing--processing,50667
.\code_for_parsing\projectlombok--lombok,13324
.\code_for_parsing\prolificinteractive--material-calendarview,1211
.\code_for_parsing\Prototik--HoloEverywhere,6333
.\code_for_parsing\proxyee-down-org--proxyee-down,276
.\code_for_parsing\pwittchen--ReactiveNetwork,979
.\code_for_parsing\pxb1988--dex2jar,6296
.\code_for_parsing\Qihoo360--ArgusAPM,1363
.\code_for_parsing\Qihoo360--RePlugin,14422
.\code_for_parsing\qiujuer--Genius-Android,3770
.\code_for_parsing\qiurunze123--miaosha,2387
.\code_for_parsing\QNJR-GROUP--EasyTransaction,1551
.\code_for_parsing\qstumn--BadgeView,52
.\code_for_parsing\quarkusio--quarkus,65672
.\code_for_parsing\quartz-scheduler--quartz,30748
.\code_for_parsing\querydsl--querydsl,38155
.\code_for_parsing\questdb--questdb,65230
.\code_for_parsing\qunarcorp--qmq,13556
.\code_for_parsing\r0adkll--Slidr,783
.\code_for_parsing\rabbitmq--rabbitmq-tutorials,459
.\code_for_parsing\race604--FlyRefresh,99
.\code_for_parsing\Ramotion--cardslider-android,75
.\code_for_parsing\Ramotion--folding-cell-android,190
.\code_for_parsing\react-native-camera--react-native-camera,1125
.\code_for_parsing\react-native-image-picker--react-native-image-picker,40
.\code_for_parsing\react-native-share--react-native-share,181
.\code_for_parsing\react-native-svg--react-native-svg,1656
.\code_for_parsing\react-native-video--react-native-video,387
.\code_for_parsing\react-native-webrtc--react-native-webrtc,523
.\code_for_parsing\ReactiveX--RxAndroid,240
.\code_for_parsing\ReactiveX--RxJava,79694
.\code_for_parsing\reactor--reactor-core,42048
.\code_for_parsing\real-logic--aeron,36835
.\code_for_parsing\Red5--red5-server,5752
.\code_for_parsing\redis--jedis,6244
.\code_for_parsing\redisson--redisson,54962
.\code_for_parsing\rengwuxian--RxJavaSamples,26
.\code_for_parsing\requery--requery,10564
.\code_for_parsing\resilience4j--resilience4j,18416
.\code_for_parsing\rest-assured--rest-assured,26354
.\code_for_parsing\rmtheis--android-ocr,1444
.\code_for_parsing\RoaringBitmap--RoaringBitmap,10019
.\code_for_parsing\robinhood--ticker,507
.\code_for_parsing\roboguice--roboguice,19118
.\code_for_parsing\robolectric--robolectric,26247
.\code_for_parsing\RobotiumTech--robotium,3586
.\code_for_parsing\rockerhieu--emojicon,553
.\code_for_parsing\RodneyShag--HackerRank_solutions,5
.\code_for_parsing\romainguy--ViewServer,190
.\code_for_parsing\ronmamo--reflections,1032
.\code_for_parsing\roughike--BottomBar,477
.\code_for_parsing\rstudio--rstudio,63134
.\code_for_parsing\rubenlagus--TelegramBots,4745
.\code_for_parsing\rubensousa--GravitySnapHelper,242
.\code_for_parsing\rubensousa--ViewPagerCards,15
.\code_for_parsing\Rukey7--MvpApp,5752
.\code_for_parsing\ryanhoo--StylishMusicPlayer,884
.\code_for_parsing\s4kibs4mi--java-developer-roadmap,0
.\code_for_parsing\saiwu-bigkoo--Android-ConvenientBanner,234
.\code_for_parsing\SalomonBrys--ANR-WatchDog,121
.\code_for_parsing\sannies--mp4parser,7753
.\code_for_parsing\saulmm--Android-Material-Examples,152
.\code_for_parsing\saulmm--CoordinatorBehaviorExample,0
.\code_for_parsing\saulmm--Material-Movies,959
.\code_for_parsing\Sayi--poi-tl,6533
.\code_for_parsing\scwang90--SmartRefreshLayout,2133
.\code_for_parsing\sd6352051--NiftyDialogEffects,291
.\code_for_parsing\seata--seata,64805
.\code_for_parsing\SeleniumHQ--selenium,37416
.\code_for_parsing\sergejsha--pinned-section-listview,81
.\code_for_parsing\seven332--EhViewer,7906
.\code_for_parsing\shuzheng--zheng,3186
.\code_for_parsing\signalapp--Signal-Server,3217
.\code_for_parsing\simple-android-framework--android_design_patterns_analysis,96
.\code_for_parsing\singwhatiwanna--dynamic-load-apk,578
.\code_for_parsing\siyamed--android-shape-imageview,99
.\code_for_parsing\skyfishjy--android-ripple-background,3
.\code_for_parsing\Skykai521--StickerCamera,5367
.\code_for_parsing\skylot--jadx,3577
.\code_for_parsing\soarcn--BottomSheet,323
.\code_for_parsing\sockeqwe--mosby,9028
.\code_for_parsing\socketio--socket.io-client-java,214
.\code_for_parsing\sofastack--sofa-jarslink,632
.\code_for_parsing\sohutv--cachecloud,22855
.\code_for_parsing\SonarSource--sonarqube,141850
.\code_for_parsing\SpecialCyCi--AndroidResideMenu,208
.\code_for_parsing\spockframework--spock,12688
.\code_for_parsing\spotify--docker-maven-plugin,697
.\code_for_parsing\spring-cloud--spring-cloud-kubernetes,7287
.\code_for_parsing\spring-io--initializr,14620
.\code_for_parsing\spring-projects--spring-authorization-server,8656
.\code_for_parsing\spring-projects--spring-boot,149483
.\code_for_parsing\spring-projects--spring-framework,327240
.\code_for_parsing\spring-projects--spring-loaded,14010
.\code_for_parsing\spring-projects--spring-mvc-showcase,40
.\code_for_parsing\spring-projects--spring-petclinic,933
.\code_for_parsing\spring-projects--spring-security,103514
.\code_for_parsing\springfox--springfox,14301
.\code_for_parsing\springside--springside4,5250
.\code_for_parsing\sqlcipher--android-database-sqlcipher,4076
.\code_for_parsing\sqshq--piggymetrics,166
.\code_for_parsing\square--dagger,2729
.\code_for_parsing\square--flow,1334
.\code_for_parsing\square--javapoet,1263
.\code_for_parsing\square--keywhiz,6593
.\code_for_parsing\square--mortar,1119
.\code_for_parsing\square--otto,816
.\code_for_parsing\square--picasso,968
.\code_for_parsing\square--retrofit,4599
.\code_for_parsing\square--sqlbrite,1013
.\code_for_parsing\square--tape,420
.\code_for_parsing\sshahine--JFoenix,7634
.\code_for_parsing\stanfordnlp--CoreNLP,124468
.\code_for_parsing\steelkiwi--cropiwa,218
.\code_for_parsing\stephanenicolas--robospice,3306
.\code_for_parsing\stfalcon-studio--ChatKit,1306
.\code_for_parsing\stleary--JSON-java,7078
.\code_for_parsing\stormzhang--9GAG,1304
.\code_for_parsing\subhra74--xdm,2277
.\code_for_parsing\SufficientlySecure--html-textview,514
.\code_for_parsing\sunfusheng--StickyHeaderListView,251
.\code_for_parsing\supertokens--supertokens-core,4271
.\code_for_parsing\swagger-api--swagger-core,4466
.\code_for_parsing\Swagger2Markup--swagger2markup,4618
.\code_for_parsing\szerhusenBC--jwt-spring-security-demo,50
.\code_for_parsing\TangoAgency--material-intro-screen,684
.\code_for_parsing\tbruyelle--RxPermissions,113
.\code_for_parsing\tdebatty--java-string-similarity,1647
.\code_for_parsing\team-supercharge--ShimmerLayout,25
.\code_for_parsing\TeamAmaze--AmazeFileManager,9845
.\code_for_parsing\TeamNewPipe--NewPipe,5816
.\code_for_parsing\TechEmpower--FrameworkBenchmarks,1788
.\code_for_parsing\Tencent--APIJSON,3343
.\code_for_parsing\Tencent--MSEC,13820
.\code_for_parsing\Tencent--QMUI_Android,10834
.\code_for_parsing\Tencent--Shadow,5714
.\code_for_parsing\Tencent--tinker,8886
.\code_for_parsing\Tencent--VasDolly,1018
.\code_for_parsing\termux--termux-app,7609
.\code_for_parsing\testcontainers--testcontainers-java,4461
.\code_for_parsing\TheAlgorithms--Java,7130
.\code_for_parsing\theDazzler--droidicon,237
.\code_for_parsing\theonedev--onedev,13082
.\code_for_parsing\thingsboard--thingsboard,38207
.\code_for_parsing\thinkaurelius--titan,15345
.\code_for_parsing\ThirtyDegreesRay--OpenHub,1978
.\code_for_parsing\thymeleaf--thymeleaf,28477
.\code_for_parsing\tiann--understand-plugin-framework,474
.\code_for_parsing\timehop--sticky-headers-recyclerview,206
.\code_for_parsing\timusus--Shuttle,3097
.\code_for_parsing\Todd-Davies--ProgressWheel,109
.\code_for_parsing\TommyLemon--Android-ZBLibrary,7289
.\code_for_parsing\TooTallNate--Java-WebSocket,7272
.\code_for_parsing\traex--RippleEffect,155
.\code_for_parsing\Trinea--android-common,5728
.\code_for_parsing\trojan-gfw--igniter,371
.\code_for_parsing\tronprotocol--java-tron,25136
.\code_for_parsing\twitter-archive--distributedlog,20383
.\code_for_parsing\Twitter4J--Twitter4J,16716
.\code_for_parsing\twowaits--SDE-Interview-Questions,0
.\code_for_parsing\tyrantgit--ExplosionField,48
.\code_for_parsing\uber--NullAway,5260
.\code_for_parsing\uber--RIBs,1468
.\code_for_parsing\udacity--Sunshine-Version-2,937
.\code_for_parsing\umano--AndroidSlidingUpPanel,916
.\code_for_parsing\undertow-io--undertow,45606
.\code_for_parsing\vaticle--typedb,7579
.\code_for_parsing\VaughnVernon--IDDD_Samples,7483
.\code_for_parsing\vespa-engine--vespa,100950
.\code_for_parsing\VictorAlbertos--RxCache,3396
.\code_for_parsing\vinc3m1--RoundedImageView,302
.\code_for_parsing\vipshop--vjtools,5898
.\code_for_parsing\voldemort--voldemort,37231
.\code_for_parsing\w446108264--XhsEmoticonsKeyboard,188
.\code_for_parsing\wasabeef--Blurry,102
.\code_for_parsing\wasabeef--glide-transformations,443
.\code_for_parsing\wasabeef--richeditor-android,56
.\code_for_parsing\weibocom--motan,12169
.\code_for_parsing\WhatsApp--stickers,167
.\code_for_parsing\widdix--aws-cf-templates,76
.\code_for_parsing\wildfirechat--server,16520
.\code_for_parsing\wildfly--wildfly,268919
.\code_for_parsing\williamfiset--Algorithms,8902
.\code_for_parsing\willowtreeapps--spruce-android,2427
.\code_for_parsing\WinterChenS--my-site,1769
.\code_for_parsing\wiremock--wiremock,11459
.\code_for_parsing\woxingxiao--BubbleSeekBar,143
.\code_for_parsing\WritingMinds--ffmpeg-android-java,98
.\code_for_parsing\wuhaoyu1990--MagicCamera,827
.\code_for_parsing\wuyouzhuguli--SpringAll,763
.\code_for_parsing\wxiaoqi--Spring-Cloud-Platform,3340
.\code_for_parsing\wyouflf--xUtils3,2006
.\code_for_parsing\xcltapestry--XCL-Charts,13003
.\code_for_parsing\xfumihiro--ViewInspector,358
.\code_for_parsing\xiaojinzi123--Component,3357
.\code_for_parsing\xingda920813--HelloDaemon,159
.\code_for_parsing\xinghongfei--LookLook,1504
.\code_for_parsing\xkcoding--spring-boot-demo,5704
.\code_for_parsing\xmuSistone--CardSlidePanel,137
.\code_for_parsing\XRecyclerView--XRecyclerView,421
.\code_for_parsing\xtuhcy--gecco,974
.\code_for_parsing\xuexiangjys--XUI,36436
.\code_for_parsing\xuuhaoo--OkSocket,971
.\code_for_parsing\xuxueli--xxl-job,2835
.\code_for_parsing\yacy--yacy_search_server,62773
.\code_for_parsing\YahooArchive--anthelion,15241
.\code_for_parsing\Yalantis--Euclid,141
.\code_for_parsing\Yalantis--GuillotineMenu-Android,26
.\code_for_parsing\Yalantis--Horizon,183
.\code_for_parsing\Yalantis--Phoenix,33
.\code_for_parsing\Yalantis--Side-Menu.Android,23
.\code_for_parsing\yangchong211--LifeHelper,10198
.\code_for_parsing\yangfuhai--ASimpleCache,502
.\code_for_parsing\yanzhenjie--Album,3162
.\code_for_parsing\yanzhenjie--AndPermission,2061
.\code_for_parsing\yanzhenjie--AndServer,7305
.\code_for_parsing\yanzhenjie--NoHttp,5699
.\code_for_parsing\yanzhenjie--SwipeRecyclerView,1921
.\code_for_parsing\yarolegovich--SlidingRootNav,63
.\code_for_parsing\yasserg--crawler4j,2334
.\code_for_parsing\ybq--Android-SpinKit,311
.\code_for_parsing\yhaolpz--FloatWindow,147
.\code_for_parsing\yipianfengye--android-adDialog,414
.\code_for_parsing\yipianfengye--android-zxingLibrary,815
.\code_for_parsing\yixia--VitamioBundle,2215
.\code_for_parsing\YoKeyword--Fragmentation,1449
.\code_for_parsing\youlookwhat--DesignPattern,1107
.\code_for_parsing\youth5201314--banner,559
.\code_for_parsing\youtube--api-samples,1968
.\code_for_parsing\yqritc--RecyclerView-FlexibleDivider,174
.\code_for_parsing\yuanguangxin--LeetCode,17
.\code_for_parsing\yui--yuicompressor,891
.\code_for_parsing\yuliskov--SmartTubeNext,4183
.\code_for_parsing\YunaiV--onemall,14926
.\code_for_parsing\YunaiV--SpringBoot-Labs,2355
.\code_for_parsing\yusugomori--DeepLearning,77
.\code_for_parsing\zaaach--CityPicker,105
.\code_for_parsing\zalando--zalenium,1014
.\code_for_parsing\zaproxy--zaproxy,79135
.\code_for_parsing\zcweng--SwitchButton,267
.\code_for_parsing\zendesk--maxwell,743
.\code_for_parsing\zhangkaitao--es,8231
.\code_for_parsing\zhanglei-workspace--shopping-management-system,1756
.\code_for_parsing\zhaojun1998--zfile,1427
.\code_for_parsing\Zhaoss--WeiXinRecordedDemo,2113
.\code_for_parsing\ZHENFENG13--My-Blog,475
.\code_for_parsing\ZHENFENG13--spring-boot-projects,816
.\code_for_parsing\zhisheng17--flink-learning,3080
.\code_for_parsing\zhou-you--RxEasyHttp,4720
.\code_for_parsing\zhoutaoo--SpringCloud,941
.\code_for_parsing\zhpanvip--BannerViewPager,879
.\code_for_parsing\ZieIony--Carbon,3724
.\code_for_parsing\zmxv--react-native-sound,15
.\code_for_parsing\zouzg--mybatis-generator-gui,505
.\code_for_parsing\zuihou--lamp-cloud,9203
.\code_for_parsing\zwwill--yanxuan-weex-demo,531
.\code_for_parsing\zxbu--webdav-aliyundriver,1953
.\code_for_parsing\ZXZxin--ZXBlog,60
.\code_for_parsing\zzhoujay--RichText,969
